,selfie,smile,med1,pdop,adip,rano,osmb,siga,zale,valt,med2,dhop,shop,logp
0,[C][C][C][Branch1][C][C][Branch1][C][C][Br],CCC(C)(C)Br,0.0769230769230769,0.0046077990290988,2.9931273969774224e-05,0.0,1.3310364904170346e-06,2.3113456716826404e-17,8.305895500294471e-10,0.0,0.0183284260450802,0.5,0.3333333333333333,0.652268052785455
1,[C][C][=Branch1][C][=O][N][C][Branch2][Ring1][=Branch2][C][C][=C][C][=C][Branch1][#Branch2][O][P][=Branch1][C][=O][Branch1][C][O][O][C][Branch1][Ring1][C][=O][=C][Ring1][=N][C][=Branch1][C][=O][N][C][C][C][C][C][N][Branch2][Ring1][Ring2][C][C][=C][C][=C][Branch1][=Branch2][C][=C][C][=C][C][=C][Ring1][=Branch1][C][=C][Ring1][N][C][Ring2][Ring1][Ring2][=O],CC(=O)NC(CC1=CC=C(OP(=O)(O)O)C(C=O)=C1)C(=O)NC2CCCCN(CC3=CC=C(C4=CC=CC=C4)C=C3)C2=O,0.0599670272000677,0.1423368291750686,0.1461804669991744,0.1327849720031177,0.3703453331614571,7.398178262023313e-28,2.4302473329663892e-18,1.4642611759172663e-41,0.1345221564430435,0.5263032042085127,0.3730803974706413,-3.164507070325602
2,[C][C][=Branch1][C][=O][N][C][Branch2][Ring1][O][C][C][=C][C][=C][Branch1][S][C][Branch1][C][F][Branch1][C][F][P][=Branch1][C][=O][Branch1][C][O][O][C][=C][Ring1][=N][C][=Branch1][C][=O][N][C][C][C][C][C][N][Branch2][Ring1][Ring2][C][C][=C][C][=C][Branch1][=Branch2][C][=C][C][=C][C][=C][Ring1][=Branch1][C][=C][Ring1][N][C][Ring2][Ring1][Ring2][=O],CC(=O)NC(CC1=CC=C(C(F)(F)P(=O)(O)O)C=C1)C(=O)NC2CCCCN(CC3=CC=C(C4=CC=CC=C4)C=C3)C2=O,0.0603938441678774,0.1394610412338448,0.1434478808738709,0.2738813433431128,0.1866335094464082,5.8427836754299495e-24,6.477811220621234e-18,4.874793860725905e-36,0.1183693348592795,0.5230892063355056,0.3682236895736528,-2.4056065806670426
3,[C][C][=C][C][Branch2][Ring2][Branch1][C][O][C][=C][C][=C][Branch2][Ring1][#Branch1][N][C][=Branch1][C][=O][C][C][N][Branch1][C][C][C][C][C][Ring1][#Branch1][C][=Branch1][C][=O][N][O][C][=C][Ring2][Ring1][Ring2][=C][C][=C][C][=C][C][Ring1][=Branch1][=N][Ring2][Ring1][S],CC1=CC(COC2=CC=C(NC(=O)C3CN(C)CCC3C(=O)NO)C=C2)=C4C=CC=CC4=N1,0.0789473684210526,0.1327106849528517,0.1662494988632025,0.1042046766268305,0.4712591408031341,1.7528359902092957e-07,8.834050797789434e-07,0.0,0.1569767171139282,0.5392014052525599,0.392571012381646,0.5306709994052372
4,[C][C][O][C][=Branch1][C][=O][C][=C][C][=C][Branch1][C][O][C][Branch2][Ring2][C][N][C][=C][C][=Branch1][N][=C][Ring1][Branch1][C][=C][C][=C][C][=C][Ring1][=Branch1][C][=Branch1][C][=O][N][Branch1][C][C][C][=Branch1][C][=O][N][Ring1][S][C][=C][Ring2][Ring1][#Branch2],CCOC(=O)C1=CC=C(O)C(N2C=C3C(=C2C4=CC=CC=C4)C(=O)N(C)C(=O)N3C)=C1,0.0445380175934891,0.0061698201902832,0.1782786757149016,0.0499902328414946,0.5717246130170762,0.0020944534688323,0.0132372249044992,0.0,0.1678386594791329,0.548381482770623,0.4064431295200525,0.9223012146319788
5,[C][C][C][C][C][Branch1][C][C][C][C][Branch1][Ring1][C][O][C][Branch1][Branch1][C][C][C][C][Branch1][Ring1][O][C][O][O][Ring1][#C],CCCCC1(C)CC(CO)C(CCCC)(OC)OO1,0.0936329177569044,0.0062964738780979,0.0055921319627863,0.0558618236309074,0.0095513116423861,4.894487373754568e-08,4.24169871427425e-06,0.0,0.0468053465992823,0.5040793016235621,0.3394976113422716,-0.597710116658954
6,[C][C][C][C][C][C][C][C][C][C][C][C][N][C][=C][C][=C][C][=C][Branch1][=Branch2][C][=C][C][=C][Ring1][#Branch2][Ring1][=Branch1][C][=Branch1][C][=O][N][Branch2][Ring1][Ring2][C][C][C][N][C][C][C][N][C][C][N][C][C][C][N][C][C][Ring1][=C][C][Ring2][Ring1][N][=O],CCCCCCCCCCCCNC1=CC=C2C3=C(C=CC=C13)C(=O)N(CCCN4CCCNCCNCCCNCC4)C2=O,0.0340305390965028,0.3023207724625709,0.1261816073278383,0.6005593817290306,0.0250823446575371,0.0,0.0,0.0,0.1198288057511508,0.531343182434264,0.3806963645673323,-25.55077085222224
7,[N][C][=C][C][Branch1][=Branch2][C][C][C][N][C][C][Ring1][=Branch1][=C][C][Branch1][=Branch2][N][C][C][C][C][C][Ring1][Branch1][=N][Ring2][Ring1][C],NC1=CC(C2CCNCC2)=CC(NC3CCCC3)=N1,0.082558881056403,0.129488235885947,0.2529822128134703,0.0327203357413245,0.0888787421760728,0.0135466431548216,0.0071178885488268,0.0,0.0769284640704274,0.519526482792287,0.3628400184416782,0.7403385811591332
8,[C][O][C][=Branch1][C][=O][C][C][C][C][Branch1][C][C][C][Branch1][N][C][=C][C][=C][Branch1][C][C][C][=C][Ring1][#Branch1][N][Ring1][=C][C][=Branch1][C][=O][C][=C][C][=C][Branch2][Ring1][Ring1][C][=N][O][C][C][Branch1][C][O][C][O][C][C][=C][C][=C][O][Ring1][Branch1][C][=C][Ring2][Ring1][Ring2],COC(=O)C1CCC(C)C(C2=CC=C(C)C=C2)N1C(=O)C3=CC=C(C=NOCC(O)COCC4=CC=CO4)C=C3,0.0819537547062229,0.1454171173064599,0.1681256376734078,0.3324774596887399,0.1380909693545952,4.926149490966981e-22,2.533079791281385e-19,0.0,0.1088829713640694,0.532871972318339,0.3830065359477124,0.5932484649300949
9,[C][C][O][C][=Branch1][C][=O][C][Branch1][O][C][C][=C][C][=C][C][=C][Ring1][=Branch1][C][C][C][C][N][Branch1][=N][C][=Branch1][C][=O][C][C][C][=Branch1][C][=O][O][C][C][Ring2][Ring1][=Branch1],CCOC(=O)C1(CC2=CC=CC=C2C)CCCN(C(=O)CCC(=O)OC)C1,0.0807046689808617,0.1712385607895198,0.1974712944177558,0.0570421238400547,0.1962519027389786,0.0002050801981828,7.1243967243703375e-06,0.0,0.1190973777202401,0.5137282635826608,0.3540782649693541,0.6139952461072447
10,[O][=C][N][C][=C][C][=C][C][=C][Ring1][=Branch1][C][=Branch1][C][=O][N][C][=C][Branch1][#C][C][=C][C][=C][Branch1][C][Cl][C][Branch1][C][Cl][=C][Ring1][Branch2][C][C][Ring2][Ring1][#Branch1][Ring1][=N],O=C1NC2=CC=CC=C2C(=O)N3C=C(C4=CC=C(Cl)C(Cl)=C4)CC13,0.0372570207962461,0.1931668523215639,0.1638394395873192,0.1151577377194882,0.008670155049768,1.498567162848241e-09,0.0797923397230782,0.0,0.1559980074331348,0.5205024975769775,0.3643148852274327,-2.064941608976108
11,[N][=C][Branch1][C][N][N][C][=C][C][=C][N][=C][Ring1][=Branch1][C][C][C][Branch1][C][O][C][Branch1][#Branch1][N][C][=Branch1][C][=N][N][C][C][Ring1][O][N][C][=Branch1][C][=N][N],N=C(N)NC1=CC=CN=C1C2CC(O)C(NC(=N)N)CC2NC(=N)N,0.0663236532428072,0.107844220536598,0.1054021479999602,4.447133629955269e-05,0.6368308667353573,2.918930235893722e-64,0.0002738136243921,0.0,0.0537901776584921,0.5198624904507257,0.3633477633477633,-4.566581386721508
12,[C][O][N][Branch1][C][C][S][=Branch1][C][=O][=Branch1][C][=O][C][=C][C][=C][C][=Branch1][Ring2][=C][Ring1][=Branch1][N][Branch1][=N][C][C][=C][C][=C][Branch1][C][C][C][=C][Ring1][#Branch1][C][=Branch1][C][=O][C][C][C][C][N][Ring2][Ring1][Ring1][Ring1][Branch1],CON(C)S(=O)(=O)C1=CC=C2C(=C1)N(CC3=CC=C(C)C=C3)C(=O)C4CCCN24,0.0933520056018673,0.3308912980041792,0.1479610499025861,0.0557216786739733,0.1717186845224031,0.0022331858984024,0.0013918526798338,0.0,0.1702435960185504,0.534153458452152,0.3849430038832519,0.5581822909910197
13,[C][O][C][=C][C][=C][Branch2][Branch1][Branch1][C][O][C][=C][C][Branch1][Ring1][O][C][=C][C][Branch1][Ring1][O][C][=C][Ring1][#Branch2][C][Ring1][=N][Branch1][C][O][C][Branch1][C][O][C][Branch1][#Branch2][C][=Branch1][C][=O][N][O][C][C][O][C][Ring2][Ring1][=Branch2][C][=C][C][=C][C][=C][Ring1][=Branch1][C][=C][Ring2][Ring2][Branch1],COC1=CC=C(C23OC4=CC(OC)=CC(OC)=C4C2(O)C(O)C(C(=O)NOCCO)C3C5=CC=CC=C5)C=C1,0.0610687022900763,0.1065151296585752,0.0080063186977319,0.0262839591813425,0.6974523831920024,7.600561457257789e-15,2.792432434891487e-13,0.0,0.1138807869150518,0.5323721088725135,0.3822511867406871,-1.480507667563244
14,[C][O][C][=C][C][=C][C][C][=C][Branch2][Ring1][O][C][=N][C][=C][Branch1][P][C][=Branch1][C][=O][N][Branch1][C][C][C][=Branch1][C][=O][N][Ring1][=Branch2][C][N][Ring1][=N][C][O][C][Ring2][Ring1][#Branch1][=Ring2][Ring1][Ring1],COC1=CC=CC=2C=C(C3=NC4=C(C(=O)N(C)C(=O)N4C)N3C)OC1=2,0.0453816765612038,0.0042018957369671,0.1465666776246856,0.0102570308653136,0.5619829953399686,0.0732053589791531,0.2540477373193769,0.0,0.1665117959502403,0.5573529411764706,0.42,0.0333634257989906
15,[N][=C][Branch1][C][O][C][Branch2][Ring2][Branch1][N][=C][Branch1][C][O][C][=C][N][=C][Branch1][=N][N][C][C][Branch1][C][F][Branch1][C][F][C][Ring1][=Branch1][C][Branch1][Branch2][O][C][C][C][C][Ring1][Ring1][=N][Ring1][P][C][=C][C][=C][Branch1][C][Cl][C][=C][Ring1][#Branch1],N=C(O)C(N=C(O)C1=CN=C(N2CC(F)(F)C2)C(OCC3CC3)=N1)C4=CC=C(Cl)C=C4,0.0702666408130089,0.3261640365267211,0.1300650237557222,0.1937090930652555,0.2471780246201093,1.0002325249397616e-09,0.0530828653923918,0.0,0.1024371641874894,0.5458471488804291,0.4026134694193149,0.2754361450796453
16,[C][=C][C][C][=C][C][=C][C][=C][Ring1][=Branch1][O][C][C][Branch1][C][O][C][N][C][Branch1][C][C][C][C][C][C][Branch1][#C][C][Branch1][C][C][Branch1][C][C][N][C][=Branch1][C][=O][C][Br][C][Ring1][#C],C=CCC1=CC=CC=C1OCC(O)CNC2(C)CCCC(C(C)(C)NC(=O)CBr)C2,0.113462929643334,0.1421242273698069,0.1545402764387173,0.1792865336184447,0.0802349059584231,7.906640666866347e-13,3.838347127377469e-14,0.0,0.0989429263924597,0.51460564751704,0.3554040895813048,0.032934234485742
17,[C][N][Branch1][C][C][C][=C][C][=C][Branch1][=N][C][=Branch1][C][=S][N][C][C][O][C][C][Ring1][=Branch1][C][=C][Ring1][=C][Br],CN(C)C1=CC=C(C(=S)N2CCOCC2)C=C1Br,0.0745218001941957,0.0978839056750529,0.1132851192255834,0.0071446687449516,7.298049370488643e-05,5.370740163215899e-10,0.0355067807530193,0.0,0.105670493051452,0.5155462184873949,0.3568253968253969,0.9942556494374012
18,[C][C][C][C][=Branch1][C][=O][N][C][C][C][Ring1][Ring2][Branch1][C][C][C][=Branch1][C][=O][N][S][=Branch1][C][=O][=Branch1][C][=O][C][=C][C][=C][Branch1][=Branch1][C][=C][Ring1][=Branch1][C][C][C][C][S][Ring1][=Branch2][=Branch1][C][=O][=O],CCCC(=O)N1CCC1(C)C(=O)NS(=O)(=O)C2=CC3=C(C=C2C)CCCS3(=O)=O,0.0825041253094007,0.1531140337536916,0.373772500798201,0.011261076801363,0.6521808888540921,3.114153082791959e-07,0.0002199764569045,0.0,0.1020489318585091,0.2861748977665933,0.387997623291741,-1.2481069756149787
19,[C][C][=N][O][C][Branch1][C][C][=C][Ring1][=Branch1][C][=Branch1][C][=O][N][C][C][C][Branch1][Branch2][N][C][=C][C][=N][Ring1][Branch1][C][C][Ring1][O],CC1=NOC(C)=C1C(=O)N2CCC(N3C=CC=N3)CC2,0.1094897802902717,0.3362193900727166,0.3415650255319866,0.0179068803004292,0.1237178252166034,0.0966528360898473,0.0932124946926267,0.0,0.1072964819083899,0.5294803235979706,0.3778813778813779,0.5130947233594918
20,[O][=C][Branch2][Ring1][=Branch2][C][C][N][C][=Branch1][C][=O][N][C][C][=Branch1][C][=O][N][C][=C][C][=C][C][=C][Ring1][=Branch1][Ring1][O][N][C][C][C][=C][C][=C][C][Branch1][C][F][=C][Ring1][#Branch1],O=C(CCNC(=O)N1CC(=O)NC2=CC=CC=C21)NCCC3=CC=CC(F)=C3,0.0187812056606337,0.3069249070224256,0.45573271518765,0.0350368321392239,0.594341852296733,0.048708083793751,0.0754516357259124,0.0,0.1306733984999895,0.5288214459337455,0.3768857405221041,0.8534764671081467
21,[C][C][Branch1][C][C][C][=Branch1][C][=N][N][C][Branch2][Ring1][N][C][=C][C][Branch1][P][N][C][=Branch1][C][=O][C][=C][C][=C][Branch1][C][Cl][C][=N][Ring1][#Branch1][=C][C][=C][Ring1][S][F][C][O][C][C][Ring2][Ring1][=Branch1][S][Ring2][Ring1][N][=Branch1][C][=O][=O],CC1(C)C(=N)NC2(C3=CC(NC(=O)C4=CC=C(Cl)C=N4)=CC=C3F)COCC2S1(=O)=O,0.0699921740398752,0.2754306972098739,0.1458320029350181,0.0526574644481495,0.5618066787054761,3.383687255643041e-06,0.0575934498709573,0.0,0.1175266696874428,0.3035444947209653,0.4142450142450142,-1.0756947175230973
22,[N][C][C][C][C][C][C][C][C][C][C][C][C][N][C][C][=C][N][Branch1][N][C][C][C][C][Branch1][Ring1][C][O][O][Ring1][#Branch1][C][=Branch1][C][=O][N][=Ring1][=C],NCCCCCCCCCCCCNC=1C=CN(C2CCC(CO)O2)C(=O)N=1,0.0679611650485436,0.1125044741580639,0.114706569041783,0.1033396230779579,0.3573968385463466,1.3609168347215127e-10,2.0387015858028592e-14,0.0,0.0698220730002121,0.5274466495598792,0.3748082704460396,0.3331595477143085
23,[C][O][C][=C][C][Branch2][Ring1][=N][C][=N][N][C][=Branch1][C][=O][C][Branch1][Ring1][O][C][C][=C][C][=C][C][=Branch1][Ring2][=C][Ring1][=Branch1][O][C][C][O][Ring1][#Branch1][=C][C][=C][Ring2][Ring1][Branch2][Cl],COC1=CC(C=NNC(=O)C(OC)C2=CC=C3C(=C2)OCCO3)=CC=C1Cl,0.0545004314634569,0.2691909510290827,0.4190137456981208,0.0736003273708546,0.2621511718547399,0.0083480287366649,0.1470997448972112,0.0,0.1288097603350428,0.5498376500792872,0.4086435601198117,0.784956613384229
24,[C][C][=Branch1][C][=O][N][N][C][=Branch2][Ring1][=Branch1][=C][C][=Branch1][C][=O][N][Branch1][C][C][C][=Branch1][C][=O][N][Branch1][C][C][C][Ring1][#Branch2][=O][C][C][Ring1][S][C][=C][C][=C][C][=C][Ring1][=Branch1],CC(=O)N1NC(=C2C(=O)N(C)C(=O)N(C)C2=O)CC1C3=CC=CC=C3,0.0745540099207072,0.107844220536598,0.4564354645876384,0.0047675639617246,0.6134297941912024,0.0010447779939481,0.2427246094914099,0.0,0.1667742977186768,0.5096749226006192,0.3479532163742689,-1.0739339974998665
25,[C][C][N][Branch1][Ring1][C][C][C][=Branch1][C][=S][N][C][S][C][Branch1][=Branch1][C][Branch1][C][N][=O][=C][Branch1][C][C][C][=Ring1][=Branch2][C][=Branch1][C][=O][O],CCN(CC)C(=S)NC=1SC(C(N)=O)=C(C)C=1C(=O)O,0.0584605422193667,0.1473252023112832,0.0073755911671724,0.0210988245117228,0.5618692204258945,0.033628019963455,0.0237607368956979,0.0,0.0588862578000621,0.5327912735059894,0.3828845910757173,0.416205362582648
26,[C][C][C][C][=C][Branch2][Ring2][=N][C][=Branch1][C][=O][N][C][C][C][Branch1][#Branch2][C][=Branch1][C][=O][N][C][C][O][C][N][Branch2][Ring1][C][C][=Branch1][C][=O][C][=C][O][C][=C][C][=C][C][=C][Ring1][=Branch2][Ring1][=Branch1][C][Ring2][Ring1][#Branch1][N][Branch1][C][C][N][=Ring2][Ring1][S],CCC=1C=C(C(=O)NC2CC(C(=O)NCCOC)N(C(=O)C3=COC4=CC=CC=C34)C2)N(C)N=1,0.0683760683760683,0.1543587845658389,0.1752552153911102,0.0154657086495955,0.7572253863084989,1.1844500709404249e-08,1.102005942537255e-07,0.0,0.1534023977141941,0.5295845210330828,0.3780388317833252,-0.9889204807096031
27,[N][C][=N][C][=C][C][=C][Ring1][=Branch1][N][=C][N][Ring1][Branch1][C][C][C][Branch1][Ring1][C][Br][C][Branch1][C][O][C][Ring1][Branch2][O],NC1=NC=CC2=C1N=CN2C3CC(CBr)C(O)C3O,0.0595340557787587,0.2797514424720941,0.2886751345948128,0.0037092112958438,0.67390196364845,0.0001036567419086,0.0133643203352383,0.0,0.0720390224703461,0.5229133799113515,0.3679579963104867,-2.2839233700842705
28,[C][C][=C][Branch2][Ring1][Ring1][C][=Branch1][C][=O][O][C][C][=Branch1][C][=O][N][C][C][C][C][Ring1][Branch1][=O][O][C][=C][C][=C][C][=C][Ring2][Ring1][Branch1][Ring1][=Branch1],CC1=C(C(=O)OCC(=O)N2CCCC2=O)OC3=CC=CC=C13,0.0618984460590172,0.3698001308168194,0.4909902530309828,0.0284557210721036,0.3355459669360054,0.156600371613515,0.0906736880915534,0.0,0.1514078671261186,0.5166788707184118,0.3585369601967112,0.899047270477451
29,[C][O][C][=C][C][Branch2][Ring2][=Branch1][C][=N][N][C][=N][C][=C][Branch1][P][C][=Branch1][C][=O][N][Branch1][C][C][C][=Branch1][C][=O][N][Ring1][=Branch2][C][N][Ring1][=N][C][C][=C][C][=C][C][=C][Ring1][=Branch1][=C][C][=C][Ring2][Ring1][=N][O][C][=Branch1][C][=O][C][=C][C][=C][O][Ring1][Branch1],COC1=CC(C=NNC2=NC3=C(C(=O)N(C)C(=O)N3C)N2CC4=CC=CC=C4)=CC=C1OC(=O)C5=CC=CO5,0.0313129200974433,3.2788067856225086e-05,0.0076619814593184,0.0591653187674357,0.542195624024363,4.641797203183982e-12,9.892988490291118e-07,0.0,0.1540160064167297,0.5832826074926678,0.4591826068778091,0.7982080569263019
30,[C][O][C][=C][N][Branch1][#Branch1][C][C][Branch1][C][N][=O][C][Branch1][=C][C][S][C][=N][C][=C][C][Branch1][C][C][=N][Ring1][#Branch1][=C][C][Ring2][Ring1][Ring1][=O],COC1=CN(CC(N)=O)C(CSC2=NC=CC(C)=N2)=CC1=O,0.0365636212063565,0.2862991671569341,0.1602093520238731,0.0042396806928252,0.7616556644017829,0.0001065487667918,0.1041297682370849,0.0,0.1145319125544052,0.5434619707755713,0.3990092002830856,-0.6088108585566925
31,[C][N][Branch1][C][C][C][C][O][C][=C][C][=C][Branch1][Branch2][N][C][=C][N][=C][Ring1][Branch1][C][=C][Ring1][O],CN(C)CCOC1=CC=C(N2C=CN=C2)C=C1,0.0324442842261525,0.2294157338705617,0.1300650237557222,0.0053431972371458,0.0016223566838238,3.233031306817166e-06,0.0381122717239864,0.0,0.0961617493179703,0.5205198358413132,0.3643410852713178,0.991101823989093
32,[C][C][Branch1][C][C][C][C][Branch2][Ring2][#C][N][C][=Branch1][C][=O][C][Branch1][#Branch1][C][C][Branch1][C][C][C][N][O][C][=Branch1][C][=O][C][N][Branch1][#C][C][=Branch1][C][=O][O][C][C][=C][C][=C][C][=C][Ring1][=Branch1][P][=Branch1][C][=O][Branch1][C][O][O][C][=Branch1][C][=O][O],CC(C)CC(NC(=O)C(CC(C)C)NOC(=O)CN(C(=O)OCC1=CC=CC=C1)P(=O)(O)O)C(=O)O,0.0497167116011244,0.1507103645068286,0.0080485396324834,0.0207357873327727,0.6268875220882462,9.631598795335046e-36,1.2448732267546665e-13,0.0,0.0760423832237671,0.5163794331291839,0.3580844767285445,-1.113649989516482
33,[C][C][=C][C][=C][C][=C][Ring1][=Branch1][C][=N][C][Branch1][C][N][=N][C][Branch1][C][O][=C][Ring1][Branch2][Cl],CC1=CC=CC=C1C2=NC(N)=NC(O)=C2Cl,0.028169014084507,0.1330380210475478,0.1685835385786188,0.0323948329690617,0.2119872579980121,0.0169666342905457,8.026938314643545e-05,0.0,0.1095993248702382,0.5377281947261663,0.3903448275862069,0.922241009043214
34,[C][C][=Branch1][C][=O][N][C][=C][C][Branch1][C][F][=C][C][=C][Ring1][#Branch1][C][N][C][C][=C][Branch2][Ring1][N][C][Branch1][C][O][=C][N][=C][C][=C][C][Ring1][=Branch1][=C][Ring1][O][N][Branch1][C][C][S][Branch1][C][C][=Branch1][C][=O][=O][C][Ring2][Ring1][Ring2][=O],CC(=O)NC1=CC(F)=CC=C1CN2CC3=C(C(O)=C4N=CC=CC4=C3N(C)S(C)(=O)=O)C2=O,0.0523567385364619,0.1090300814577125,0.1395207292490894,0.0604772900851137,0.5756530792304649,1.433053725964758e-06,0.0098676723106074,0.0,0.1516616927095731,0.5574805264571583,0.4201927955352613,0.4620885524234657
35,[C][=C][S][=Branch1][C][=O][=Branch1][C][=O][C][=C][C][=C][C][Branch2][Ring2][#Branch1][N][C][=C][C][Branch1][=Branch2][S][=Branch1][C][=O][=Branch1][C][=O][O][=C][Branch1][C][N][C][=C][Ring1][O][C][=Branch1][C][=O][C][=C][C][=C][C][=C][Ring1][=Branch1][C][Ring1][O][=O][=C][Ring2][Ring1][N],C=CS(=O)(=O)C1=CC=CC(NC2=CC(S(=O)(=O)O)=C(N)C3=C2C(=O)C4=CC=CC=C4C3=O)=C1,0.0148043938065345,0.065860984919046,0.1318109411213457,0.0628415314679385,0.476204236230803,2.709326859511864e-18,0.0277614210724023,0.0,0.1304776852601671,0.3115530303030303,0.4263468013468013,0.8686557081170672
36,[C][C][=N][N][Branch1][=Branch2][C][=C][C][=C][C][=C][Ring1][=Branch1][C][Branch1][C][C][=C][Ring1][N][C][C][=Branch1][C][=O][N][C][C][C][=Branch1][C][=O][N][Branch1][C][C][C][Ring1][#Branch1],CC1=NN(C2=CC=CC=C2)C(C)=C1CC(=O)NC3CC(=O)N(C)C3,0.0880450906325623,0.322490309931942,0.4583492485141056,0.0097860609572294,0.1897299877741722,0.0203608317670829,0.0824961311580989,0.0,0.1575602256633499,0.526705160591844,0.3736877982276755,-0.1576750049167098
37,[C][=C][Branch1][C][C][C][C][C][=C][Branch1][Branch2][C][O][C][Branch1][C][C][=O][C][C][C][Branch1][C][O][C][Branch1][C][C][=C][C][C][=C][Branch1][C][C][C][C][Ring2][Ring1][=Branch1],C=C(C)C1CC=C(COC(C)=O)CCC(O)C(C)=CCC=C(C)CC1,0.1273859510596964,0.0075086798837785,0.0071123578626396,0.2173940344678805,0.001707462105609,5.708214640800837e-22,1.17585394376689e-09,0.0,0.0821329765045221,0.5040953090096798,0.3395218002812939,-27.31653862379953
38,[N][S][=Branch1][C][=O][=Branch1][C][=O][C][=C][C][=C][C][=C][Ring1][=Branch1][C][C][Branch1][C][O][C][C][Branch1][#Branch2][C][C][=C][C][=C][C][=C][Ring1][=Branch1][C][=Branch1][C][=O][N][C][C][=C][C][=C][C][=C][Ring1][=Branch1][C][C][Ring1][=Branch2][O],NS(=O)(=O)C1=CC=CC=C1CC(O)CC(CC2=CC=CC=C2)C(=O)NC3C4=CC=CC=C4CC3O,0.0484940863335528,0.1144419629937626,0.1531604249178385,0.0379104264408446,0.6241022022877897,1.128800024055574e-11,1.471416178749019e-09,0.0,0.106587547944246,0.5239552834708544,0.3695324283559578,-0.6051426697379079
39,[C][C][=C][C][=C][Branch2][Ring2][=Branch2][S][=Branch1][C][=O][=Branch1][C][=O][N][C][Branch1][=Branch2][C][Branch1][C][F][Branch1][C][F][F][N][C][=Branch1][C][=O][N][Branch1][#Branch2][C][=C][C][=C][C][=C][Ring1][=Branch1][F][C][Ring1][P][=O][C][=C][Ring2][Ring1][N],CC1=CC=C(S(=O)(=O)NC2(C(F)(F)F)NC(=O)N(C3=CC=CC=C3F)C2=O)C=C1,0.021504630445456,0.2048366225996756,0.3958742450708908,0.0143800120000247,0.5537518972140745,0.0503714483376016,0.1164350941234885,0.0,0.1406373697808295,0.5340522133938705,0.3847900113507378,0.2428371581466726
40,[C][C][Branch1][C][C][N][C][=Branch1][C][=O][C][=C][C][=C][Branch1][=N][S][=Branch1][C][=O][=Branch1][C][=O][N][Branch1][C][C][C][C][=C][Ring1][N],CC(C)NC(=O)C1=CC=C(S(=O)(=O)N(C)C)C=C1,0.0776930968865506,0.1179532663516202,0.0067944522826675,0.005256855146994,0.1688843487198751,0.0056032100716993,0.0213686499063613,0.0,0.1047772193785357,0.5065456449642172,0.3432245301681503,0.8347700470862891
41,[O][C][C][O][C][Branch2][Ring1][S][N][C][=N][C][=C][Branch1][S][N][C][C][=C][C][C][=C][C][=C][C][=C][Ring1][=Branch1][Ring1][=Branch2][N][=C][N][=C][Ring1][P][Ring2][Ring1][Ring2][C][Branch1][C][O][C][Ring2][Ring1][#Branch2][O],OCC1OC(N2C=NC3=C(NCC4=CCC5=CC=CC=C54)N=CN=C32)C(O)C1O,0.039106416477167,0.0913377575427702,0.0066996898867414,0.0029712862319441,0.7376362162899194,4.86061073473485e-10,0.0421612421215007,0.0,0.1076052689737996,0.5430643171395982,0.3984083014553929,-2.1952322555669683
42,[C][C][=C][C][=C][Branch2][Ring1][#Branch1][S][=Branch1][C][=O][=Branch1][C][=O][N][=C][Branch1][#Branch1][C][C][Branch1][C][C][Br][N][Branch1][C][C][C][C][=C][Ring2][Ring1][C],CC1=CC=C(S(=O)(=O)N=C(CC(C)Br)N(C)C)C=C1,0.0675675675675675,0.1042840193349699,0.0069537740394229,0.0323521421396111,0.0192632549419571,0.0006028201898705,0.0445537037122744,0.0,0.1020556168727279,0.5148148148148148,0.3557201646090535,0.2552267333492926
43,[O][=C][Branch1][P][C][=C][C][=C][C][=C][C][Branch1][C][F][=C][Ring1][#Branch1][NH1][Ring1][#Branch2][N][C][C][N][C][C][Ring1][=Branch1],O=C(C1=CC2=CC=CC(F)=C2[NH1]1)N3CCNCC3,0.0503027272865958,0.2637521893583148,0.3627381250550058,0.0069588843971657,0.0235402047263624,0.0005940581933876,0.0150184111434794,0.0,0.1237744305570916,0.5163192641495438,0.3579935547148662,0.2928944161878623
44,[C][C][=C][C][=C][Branch2][Ring1][=N][C][=C][Branch1][#Branch1][C][C][=Branch1][C][=O][O][C][Branch1][Branch2][C][=C][C][=C][S][Ring1][Branch1][N][C][Branch1][C][S][=N][Ring1][S][C][=C][Ring2][Ring1][=Branch1],CC1=CC=C(C2=C(CC(=O)O)C(C3=CC=CS3)NC(S)=N2)C=C1,0.0382779501175476,0.25,0.4165977904505309,0.1232511202335113,0.0406049989390159,1.9327346401766144e-06,0.3267149145576539,0.0,0.1091255543701717,0.5143100718548289,0.3549574419139636,0.6746384945310959
45,[O][=C][Branch2][Ring1][=N][C][S][C][=N][C][Branch1][C][O][=C][C][=N][N][Branch1][=Branch2][C][=C][C][=C][C][=C][Ring1][=Branch1][C][Ring1][O][=N][Ring1][S][N][C][C][O][C][C][Ring1][=Branch1],O=C(CSC1=NC(O)=C2C=NN(C3=CC=CC=C3)C2=N1)N4CCOCC4,0.0444994159489984,0.0993905821870964,0.1385255615588377,0.0139782016060366,0.700074541577605,0.0285718461333068,0.2747042945988742,0.0,0.130338834037845,0.5475958018061997,0.405255878284924,0.26660789853394
46,[C][N][C][=C][Branch1][Ring1][C][#N][C][=C][Ring1][#Branch1][C][=Branch1][C][=O][N][C][=C][C][=C][Branch1][#Branch2][C][N][C][C][O][C][C][Ring1][=Branch1][C][=N][Ring1][=N],CN1C=C(C#N)C=C1C(=O)NC2=CC=C(CN3CCOCC3)C=N2,0.0526802443104675,0.2920125302610444,0.3383841260962061,0.0119924784911155,0.5312752148358351,0.0562127198834565,0.2500145835351972,0.0,0.1263081835251917,0.559982277963329,0.4239732200334749,0.1154125764473517
47,[O][=C][C][=C][C][Branch1][Branch2][N][C][=C][N][=C][Ring1][Branch1][=N][N][Ring1][O][C][C][N][S][=Branch1][C][=O][=Branch1][C][=O][C][=C][C][=C][C][=C][Ring1][=Branch1][Cl],O=C1C=CC(N2C=CN=C2)=NN1CCNS(=O)(=O)C3=CC=CC=C3Cl,0.0,0.0837698338109444,0.4178554470186724,0.0067432680670587,0.7461569563166789,0.0018097428237098,0.0906993720444545,0.0,0.1323775265058594,0.5605971031628731,0.4249022892238972,-0.120937071895557
48,[O][=C][C][=C][C][C][Branch2][Ring2][P][C][Branch1][C][O][C][Branch1][=Branch2][C][=C][C][=C][C][=C][Ring1][=Branch1][C][=C][Branch1][C][O][C][=C][C][=Branch1][Branch1][=C][Ring1][#Branch1][O][C][=Branch1][C][=O][C][C][Branch1][=Branch2][C][=C][C][=C][C][=C][Ring1][=Branch1][O][Ring1][#C][O][Ring2][Ring2][C],O=C1C=CCC(C(O)C(C2=CC=CC=C2)C3=C(O)C=C4C(=C3O)C(=O)CC(C5=CC=CC=C5)O4)O1,0.0529044463898911,0.0867100158371481,0.0063514126456932,0.2233470637477672,0.2182483078623845,2.1508902061027837e-13,1.6744422814333414e-06,0.0,0.1290696538394067,0.5413962283436398,0.3958876339415001,0.0771754925308998
49,[C][N][C][Branch1][#C][S][C][C][=Branch1][C][=O][N][C][=N][N][=C][S][Ring1][Branch1][=N][N][=C][Ring1][#C][C][C][C][Ring1][Ring1],CN1C(SCC(=O)NC2=NN=CS2)=NN=C1C3CC3,0.0847173742087357,0.325875267956141,0.2874797872880344,0.0079331060805791,0.5382727035543117,0.008603099178815,0.0002904842812771,0.0,0.0716076355637229,0.5421994884910486,0.3971014492753623,0.0051981704997717
50,[C][C][=C][Branch1][C][C][C][=Branch1][C][=O][O][C][C][Branch1][C][C][=C][C][Branch1][S][C][Ring1][=Branch1][O][C][=Branch1][C][=O][C][C][C][C][C][C][C][C][Branch1][C][C][Branch1][#Branch1][O][C][Branch1][C][C][=O][C][C][Branch1][=Branch2][O][C][=Branch1][C][=O][C][C][C][C][Branch1][#Branch1][O][C][Branch1][C][C][=O][C][Ring2][Ring1][P][O][C][=Branch1][C][=O][C][Ring1][#Branch2][Branch1][C][C][O],CC=C(C)C(=O)OC1C(C)=C2C(C1OC(=O)CCCCCCC)C(C)(OC(C)=O)CC(OC(=O)CCC)C3(OC(C)=O)C2OC(=O)C3(C)O,0.0653255334464013,0.0067253933804415,0.3439179697143973,0.2628184584340519,0.116983642724223,0.0,0.0,0.0,0.0564737246191677,0.508830321967124,0.346676930972543,-4.552405082232666
51,[C][O][C][=C][C][=C][Branch2][Ring1][Branch1][C][C][N][Branch1][C][C][C][=Branch1][C][=O][C][S][C][=N][N][=N][N][Ring1][Branch1][C][C][=C][Ring2][Ring1][Ring2][O][C],COC1=CC=C(CCN(C)C(=O)CSC2=NN=NN2C)C=C1OC,0.0421001321525222,0.2943028597012718,0.1520066576411262,0.0068694977150022,0.5060130250985769,0.006310786941581,0.054400425749649,0.0,0.1120966274220429,0.5420740503285784,0.396911898274296,0.1686576235783981
52,[C][C][Branch1][C][C][Branch1][C][C][C][=C][C][=C][Branch2][Ring1][P][C][N][C][=C][Branch2][Ring1][Branch1][C][C][C][C][C][C][S][C][C][N][C][=Branch1][C][=O][N][C][Ring1][=Branch1][Ring1][=Branch2][N][=N][Ring2][Ring1][Ring1][C][=C][Ring2][Ring1][#Branch2],CC(C)(C)C1=CC=C(CN2C=C(CCCCCC3SCC4NC(=O)NC43)N=N2)C=C1,0.0696129834354906,0.2876779808912305,0.1375791104836933,0.163888613587154,0.091650030986064,3.1956719527501944e-10,8.642306111290021e-10,0.0,0.1104398917826783,0.5195341294412501,0.3628515733778892,0.4081004962234354
53,[O][=C][Branch1][=Branch2][C][C][=C][C][=C][S][Ring1][Branch1][N][C][C][C][N][Branch1][=Branch2][C][C][C][=C][O][C][=Ring1][Branch1][C][C][O][C][Ring1][=N][C][Ring1][S],O=C(CC1=CC=CS1)N2CC3CN(CC=4C=COC=4)CCOC3C2,0.0579608703005936,0.3307189138830738,0.1235450436425538,0.0192460336215291,0.0160685395185895,0.0006184934677047,0.0658779487528297,0.0,0.1032729990911951,0.517156862745098,0.3592592592592592,-3.946714669610531
54,[C][O][C][=C][C][Branch2][Ring2][P][C][=C][C][=Branch1][C][=O][O][C][C][C][O][C][=Branch1][C][=O][C][C][C][C][C][C][C][C][C][C][C][C][C][C][C][C][C][C][C][C][C][C][C][C][C][C][C][C][C][O][Ring2][Ring2][Ring1][=C][C][=C][Ring2][Ring2][#C][O],COC1=CC(C=CC(=O)OCC2COC(=O)CCCCCCCCCCCCCCCCCCCCCCCCCCCCCO2)=CC=C1O,0.0412400355331172,0.1072543662286625,0.1154708856899903,0.6422290314941808,2.539263798491156e-07,0.0,0.0,0.0,0.0744699580225967,0.519553527782304,0.3628808864265928,-91.55553525130544
55,[C][C][=C][Branch2][Ring1][#Branch2][C][=Branch1][C][=O][N][N][=C][C][=C][C][=C][Branch1][=Branch2][N][C][C][O][C][C][Ring1][=Branch1][C][=C][Ring1][N][N][=C][C][=C][C][=C][N][Ring2][Ring1][#Branch2][Ring1][=Branch1],CC1=C(C(=O)NN=CC2=CC=C(N3CCOCC3)C=C2)N=C4C=CC=CN14,0.0475651494154494,0.0983199163215283,0.1370004630365567,0.0306817901544232,0.2252496295171573,0.0796934434791849,0.0805409687305851,0.0,0.1307196405191941,0.5518223625506211,0.4116426811876053,0.8166111201301387
56,[C][N][C][=C][Branch2][Ring2][O][N][C][=N][C][=C][C][Branch2][Ring1][=C][C][=C][C][=C][Branch1][S][N][C][C][C][Branch1][=Branch1][C][Branch1][C][N][=O][C][C][Ring1][=Branch2][C][Branch1][Ring1][C][#N][=C][Ring1][P][=N][Ring2][Ring1][#Branch1][C][=N][Ring2][Ring1][=N],CN1C=C(NC2=NC=CC(C3=CC=C(N4CCC(C(N)=O)CC4)C(C#N)=C3)=N2)C=N1,0.0696129834354906,0.1105340156943894,0.1296157477197844,0.0346691068404695,0.7068562969278723,2.5767121187530066e-07,0.0077379300325104,0.0,0.1354240140889702,0.5575016523463319,0.4202247191011235,0.5093968928153118
57,[O][=C][Branch1][C][O][C][=C][C][=C][Branch2][Ring1][#Branch2][S][=Branch1][C][=O][=Branch1][C][=O][N][C][C][N][Branch1][=Branch2][C][=C][C][=C][C][=N][Ring1][=Branch1][C][C][Ring1][N][C][=C][Ring2][Ring1][Branch1],O=C(O)C1=CC=C(S(=O)(=O)N2CCN(C3=CC=CC=N3)CC2)C=C1,0.0483481220624531,0.3073893117471359,0.3521803625302495,0.0104124903459151,0.6752775177193371,0.0199488830436621,0.2260524523067099,0.0,0.174210330949057,0.5221302113078241,0.3667745415318231,0.7744647223780825
58,[O][=C][Branch1][Ring1][C][I][O][C][=C][C][=C][Branch1][=Branch1][N+1][=Branch1][C][=O][O-1][C][=C][Ring1][=Branch2],O=C(CI)OC1=CC=C([N+1](=O)[O-1])C=C1,0.0,0.0887896882088785,0.0068190739990345,0.0178572145899112,0.1820619174307572,0.0005946544981517,5.7163796718691805e-09,0.0,0.0795214199008833,0.5088191198518388,0.3466600033316675,0.8101787784859182
59,[C][C][Branch1][C][C][C][C][=C][C][Branch1][C][C][C][C][C][C][C][Ring1][Branch1][Branch1][C][C][C][C][C][C][Ring1][#Branch1][C][C][Branch1][C][O][C][Branch1][C][O][C][C][Branch1][#Branch2][O][S][=Branch1][C][=O][=Branch1][C][=O][O][C][C][C][Ring1][P][Ring1][N][C][O][Ring2][Ring1][C],CC(C)CC=CC(C)C1CCC2C1(C)CCC3C24CC(O)C5(O)CC(OS(=O)(=O)O)CCC35CO4,0.1305297202314321,0.0069463280858586,0.0040329709503271,0.2295716457414931,0.1483679217597159,4.069597629737689e-23,2.5467595560274643e-27,0.0,0.0528139548679902,0.5066383920339296,0.3433646812957158,-2.71222438173339
60,[C][C][=C][N][Branch2][=Branch1][#Branch1][C][C][C][Branch1][Ring2][N][=N+1][=N-1][C][Branch2][Branch1][#Branch1][C][O][P][=Branch1][C][=O][Branch1][C][O][O][P][=Branch1][C][=O][Branch1][C][O][O][C][C][=C][C][=C][Branch2][Ring1][Branch2][O][C][=Branch1][C][=O][C][=C][C][=C][Branch1][=Branch2][C][Branch1][C][F][Branch1][C][F][F][C][=C][Ring1][#Branch2][C][=C][Ring2][Ring1][Ring1][O][Ring2][Ring2][=Branch1][C][=Branch1][C][=O][NH1][C][Ring2][Ring2][=N][=O],CC1=CN(C2CC(N=[N+1]=[N-1])C(COP(=O)(O)OP(=O)(O)OCC3=CC=C(OC(=O)C4=CC=C(C(F)(F)F)C=C4)C=C3)O2)C(=O)[NH1]C1=O,0.0427773992962896,0.1084817288709757,0.1428765269059901,0.1857899715664811,0.1588101264688363,2.732803802030737e-72,3.566077854162423e-10,0.0,0.112951935322615,0.5284823409486119,0.3763733152112357,-0.1039354111963605
61,[C][#C][C][=C][C][Branch1][C][F][=C][C][Branch2][Ring2][=N][N][C][Branch1][C][C][C][=C][C][Branch1][#Branch2][C][=Branch1][C][=O][N][Branch1][C][C][C][=C][C][C][=Branch1][C][=O][C][=C][Branch1][=Branch2][N][C][C][O][C][C][Ring1][=Branch1][O][C][Ring2][Ring1][=Branch1][=Ring1][=N][=C][Ring2][Ring1][S],C#CC1=CC(F)=CC(NC(C)C2=CC(C(=O)N(C)C)=CC=3C(=O)C=C(N4CCOCC4)OC2=3)=C1,0.0734663279967451,0.115947843051403,0.1218327731484753,0.1561986480023089,0.1484301077654173,2.3161845399663186e-07,5.104157906902231e-06,0.0,0.1273704505281669,0.5721420643729189,0.4423480083857442,0.4684667697030522
62,[O][=C][Branch2][Ring1][P][C][C][C][C][C][C][N][Branch2][Ring1][Ring2][C][=Branch1][C][=O][C][=C][C][=C][C][=Branch1][Ring2][=C][Ring1][=Branch1][O][C][O][Ring1][=Branch1][C][Ring1][P][N][C][C][N][Branch1][=Branch2][C][=C][C][=C][C][=N][Ring1][=Branch1][C][C][Ring1][N],O=C(CCC1CCCN(C(=O)C2=CC=C3C(=C2)OCO3)C1)N4CCN(C5=CC=CC=N5)CC4,0.0493023767769673,0.3355335772422093,0.0069680557838569,0.0697739218615341,0.2336388561612188,9.12718549788278e-06,2.7076492324552312e-08,0.0,0.166163751089798,0.523123136102347,0.3682749612213241,0.7250258747656821
63,[C][C][Branch1][C][C][C][=Branch1][C][=O][N][C][C][C][Branch2][Branch1][Branch1][C][=Branch1][C][=O][N][C][Branch2][Ring1][O][C][=Branch1][C][=O][N][C][Branch1][=Branch1][C][C][C][C][N][C][=Branch1][C][=O][O][C][Branch1][C][C][Branch1][C][C][C][C][Branch1][C][C][C][=C][NH1][C][=C][C][=C][C][=C][Ring1][=Branch2][Ring1][=Branch1][C][C][Ring2][Ring2][Branch1],CC(C)C(=O)N1CCC(C(=O)NC(C(=O)NC(CCCCN)C(=O)OC(C)(C)C)C(C)C2=C[NH1]C3=CC=CC=C23)CC1,0.0823666225822316,0.4558423058385518,0.4472135954999579,0.1567403403642007,0.293574496298498,0.0,0.0,0.0,0.1243761101868291,0.5211187802616668,0.3652461568398521,0.2461246212004272
64,[C][C][C][C][=C][O][C][=Branch1][C][=O][C][=C][Ring1][=Branch1][C][C][C][Branch1][C][O][C][Ring1][#Branch1][O][C],CCCC=C1OC(=O)C2=C1CCC(O)C2OC,0.1426631751602753,0.006720002282677,0.1258970937587543,0.0111610219013588,0.0505913124838763,0.0079483145512512,0.01547155340445,0.0,0.0857282833114582,0.502770960335682,0.3375205622850306,-1.666863557777187
65,[C][O][C][=C][C][Branch1][C][O][=C][C][=Branch1][Ring2][=C][Ring1][#Branch1][O][C][C][Branch1][C][O][Branch1][=N][C][C][=C][C][=C][Branch1][C][O][C][=C][Ring1][#Branch1][C][Ring1][S][=O],COC1=CC(O)=C2C(=C1)OCC(O)(CC3=CC=C(O)C=C3)C2=O,0.0479463301485384,0.2156655464068768,0.3702658155886772,0.0172752136704475,0.6986386017583411,0.0136405483110534,0.0854709077044358,0.0,0.1290179855459578,0.5277676287906468,0.3752933057280883,-0.5164476987161954
66,[C][C][Branch1][C][C][N][C][C][C][Branch1][Branch2][C][C][N][C][C][Ring1][=Branch1][C][=C][C][Branch1][C][F][=C][C][=C][Ring1][#Branch1][Ring1][#C],CC(C)NC1CC2(CCNCC2)C3=CC(F)=CC=C31,0.1216216216216216,0.1142745276985461,0.3319178987723074,0.0174404319849168,0.0003090307639473,8.241132767491767e-09,0.0258713790531776,0.0,0.0947558739358268,0.5153385995858578,0.3565116615964074,-0.2100688908184
67,[O][=C][Branch1][C][O][C][=Branch1][C][=O][C][C][=C][NH1][C][=C][C][=C][C][=C][Ring1][=Branch2][Ring1][=Branch1],O=C(O)C(=O)CC1=C[NH1]C2=CC=CC=C12,0.0203489231889119,0.294174202707276,0.1702950904648076,0.0089858826532943,0.2217672231729132,0.0024995909365625,1.4099528681632493e-05,0.0,0.112778074151036,0.5095411930639675,0.3477511361855508,0.6490040966761392
68,[C][C][=C][Branch2][Branch1][=Branch1][C][N][C][C][Branch2][Ring2][#Branch1][N][C][C][N][Branch2][Ring1][O][C][=Branch1][C][=O][C][C][N][Branch1][=Branch1][C][Branch1][C][C][C][C][C][Ring1][Branch2][C][=C][C][=C][C][=C][Ring1][=Branch1][C][C][Ring2][Ring1][=Branch1][C][C][C][C][C][Ring2][Ring1][N][C][=N][N][Ring2][Ring2][Ring2][C],CC1=C(CNCC2(N3CCN(C(=O)C4CN(C(C)C)CC4C5=CC=CC=C5)CC3)CCCCC2)C=NN1C,0.0866141732283464,0.3634218921558155,0.0068800594062912,0.1236374356842736,0.0256053916907911,0.0,0.0,0.0,0.1262488873214695,0.5240493987650309,0.3696746470227133,0.3589774895025379
69,[C][C][C][C][N][C][C][C][Ring1][=Branch1][C][C][Ring1][=Branch1][C][Branch1][C][O][C][=C][C][Branch2][Ring1][=Branch1][N][C][C][C][C][Branch1][N][C][=Branch1][C][=O][N][Branch1][Ring1][C][C][C][C][C][Ring1][=N][=N][C][=C][C][=C][Branch1][Ring1][O][C][C][=C][Ring2][Ring1][=Branch2][Ring1][Branch2],CCC1CN2CCC1CC2C(O)C3=CC(N4CCCC(C(=O)N(CC)CC)C4)=NC5=CC=C(OC)C=C35,0.0969979492078963,0.43495883620084,4.8097969237447805e-05,0.2630231576987019,0.049648996988019,3.0188226932067583e-22,2.5725906299544347e-28,0.0,0.1234213101642732,0.5250623242985202,0.3712052900510971,-0.5561798557116455
70,[C][O][C][=C][C][O][C][Branch1][C][C][=C][Branch1][=Branch1][C][=Branch1][C][=O][O][C][=Ring1][=Branch2][C][=C][Ring1][=N][O],COC1=CC=2OC(C)=C(C(=O)O)C=2C=C1O,0.0505721737424173,0.274721127897378,0.1442941883986764,0.0274848459271288,0.3545952298470758,0.0118111965807634,3.177077337423896e-05,0.0,0.0896439048206523,0.5203619909502262,0.3641025641025641,0.9645622608071722
71,[C][C][Branch1][C][C][C][C][Branch1][C][C][Branch1][C][C][C][C][Branch1][Ring1][C][N][Branch1][#Branch1][C][C][=Branch1][C][=O][O][C][Ring1][#C],CC1(C)CC(C)(C)CC(CN)(CC(=O)O)C1,0.1516196087157806,0.0066370662275142,0.0055732714302658,0.03104120850011,0.0786552394265787,0.0035229964443581,0.0013512767964056,0.0,0.0466739691210947,0.5028674422415206,0.3376663571649644,0.3013937710702342
72,[C][C][N][C][C][C][C][Ring1][Branch1][C][N][C][=Branch1][C][=O][C][N][C][=N][C][=C][C][=C][Branch2][Ring1][Ring1][S][=Branch1][C][=O][=Branch1][C][=O][N][C][C][C][Branch1][C][C][C][C][Ring1][#Branch1][C][=C][Ring1][S][C][Ring2][Ring1][Ring2][=O],CCN1CCCC1CNC(=O)CN2C=NC3=CC=C(S(=O)(=O)N4CCC(C)CC4)C=C3C2=O,0.0940645196029504,0.4038818730469177,0.1381090160776576,0.0136850044980617,0.7174322163344565,6.113630066290555e-08,1.3173493978773452e-10,0.0,0.1582860266446056,0.5349366265843354,0.3861264579496624,-0.4499484731092365
73,[C][C][=Branch1][C][=O][N][C][Branch1][=N][C][C][=C][C][=C][Branch1][C][O][C][=C][Ring1][#Branch1][C][=Branch1][C][=O][N][C][C][S][S][C][C][Branch1][=Branch1][C][=Branch1][C][=O][O][N][C][=Branch1][C][=O][C][Branch1][#Branch1][C][C][C][C][Ring1][Branch1][C][C][N][C][Ring2][Ring1][Branch1][=O],CC(=O)NC(CC1=CC=C(O)C=C1)C(=O)NC2CSSCC(C(=O)O)NC(=O)C3(CCCC3)CCNC2=O,0.0709885207532891,0.1526524287425724,0.3502847220520294,0.0063546826668393,0.6553233940089436,3.0258180511616885e-29,4.8154123140064164e-14,0.0,0.0972803310257352,0.5184873949579831,0.3612698412698412,-27.4092343179887
74,[O][=C][Branch2][Ring1][O][C][N][C][=N][C][=N][C][=C][C][=C][Branch1][=Branch2][C][Branch1][C][F][Branch1][C][F][F][C][=C][Ring1][=C][Ring1][#Branch2][N][C][C][N][Branch2][Ring1][=Branch1][C][C][C][C][Branch1][N][N][C][=Branch1][C][=O][C][C][C][Ring1][=Branch1][=O][C][C][Ring1][=N][C][Ring1][P],O=C(CNC1=NC=NC2=CC=C(C(F)(F)F)C=C12)NC3CN(C4CCC(N5C(=O)CCC5=O)CC4)C3,0.0655737704918032,0.3418817293789138,0.0061432520409822,0.0292943263272645,0.5871475213967212,5.627211588137974e-06,1.0218077718122974e-06,0.0,0.1205526186524861,0.5338011021402025,0.3844105543451948,0.3024960575242148
75,[C][O][C][=C][C][=C][C][Branch2][Ring1][#Branch1][C][C][C][=Branch1][C][=O][C][=C][Branch1][#Branch2][N][C][C][C][N][Branch1][C][C][C][C][Ring1][=C][=C][Ring2][Ring1][Ring2],COC1=CC=CC(C2CC(=O)C=C(NCCCN(C)C)C2)=C1,0.0933520056018673,0.115851978757997,0.1551937266109593,0.0242327358379134,0.0079094576360747,1.5992678756872257e-05,0.0035837479099139,0.0,0.1242690573445365,0.5169987349778621,0.3590203106332139,0.4450673235131934
76,[C][C][=C][C][Branch2][Ring2][Branch2][C][=C][Branch1][C][C][C][C][C][Branch2][Ring1][Branch1][O][C][O][C][Branch1][Ring1][C][O][C][Branch1][C][O][C][Branch1][C][O][C][Ring1][#Branch2][O][C][Ring2][Ring1][Ring1][Branch1][C][C][C][C][Branch1][O][C][=C][Branch1][C][C][C][=Branch1][C][=O][O][O][C][Ring2][Ring1][P],CC1=CC(C2=C(C)CCC(OC3OC(CO)C(O)C(O)C3O)C2(C)C)C(C=C(C)C(=O)O)OC1,0.1161872660372057,0.0064755562299939,0.3131121455425747,0.010197185865801,0.5716785688782862,2.659306892442297e-20,4.033411077176027e-18,0.0,0.0640906417803482,0.5043125754700708,0.3398501140436624,-3.081902194573928
77,[C][C][O][C][=Branch1][C][=O][C][C][C][C][=C][Ring1][Branch1][N][Branch1][=Branch2][C][C][=C][C][=C][O][Ring1][Branch1][C][=Branch1][C][=O][C][Branch1][S][C][C][=Branch1][C][=O][N][C][C][C][C][C][C][C][Ring1][=Branch1][C][Ring2][Ring1][O],CCOC(=O)C12CCC=C1N(CC3=CC=CO3)C(=O)C(CC(=O)NCC4CCCCC4)C2,0.0841406323823342,0.1782786757149016,0.1568643207805063,0.2037766775480957,0.1960463720332997,7.471297701455336e-12,7.245898117510613e-12,0.0,0.107207426628877,0.5101712154602476,0.3487031700288184,0.5366812534112786
78,[C][C][O][C][=Branch1][C][=O][N][C][C][N][Branch2][Ring2][S][C][=Branch1][C][=O][C][=C][C][=C][C][=Branch1][C][=O][N][Branch2][Ring1][Ring1][C][C][C][=C][C][=C][Branch1][Ring1][O][C][C][Branch1][Ring1][O][C][=C][Ring1][#Branch2][C][=Branch1][C][=O][NH1][C][Ring2][Ring1][Ring2][=C][Ring2][Ring1][Branch2][C][C][Ring2][Ring1][S],CCOC(=O)N1CCN(C(=O)C2=CC=C3C(=O)N(CCC4=CC=C(OC)C(OC)=C4)C(=O)[NH1]C3=C2)CC1,0.0585577224455811,0.1431026387827726,0.1737127239191386,0.0246688826544168,0.6981662389228406,2.0663132771994007e-10,4.2707725120616415e-10,0.0,0.1855848796987931,0.5415669479783348,0.3961456102783726,0.5505791804673406
79,[C][C][Branch1][C][O][C][C][=Branch1][C][=O][N][C][Branch1][=Branch1][C][=Branch1][C][=O][O][=C][Branch1][=N][S][C][=Branch1][C][=S][N][C][C][C][C][Ring1][Branch1][C][Branch1][C][C][C][Ring2][Ring1][Ring2][Ring1][P],CC(O)C1C(=O)N2C(C(=O)O)=C(SC(=S)N3CCCC3)C(C)C12,0.1291193722403541,0.0079309042820929,0.2931509849889643,0.0089182623485466,0.376422151856286,0.0234925848206229,0.0586170292215742,0.0,0.0908652958797874,0.5084860173577628,0.3461566484517304,-1.7337827853911765
80,[C][C][=C][C][Branch1][C][C][=N][C][Branch2][Ring1][Branch1][S][C][C][=Branch1][C][=O][N][C][=N][C][=Branch1][C][=O][C][Branch1][C][C][S][Ring1][#Branch1][=N][Ring2][Ring1][Ring1],CC1=CC(C)=NC(SCC(=O)NC2=NC(=O)C(C)S2)=N1,0.0758534108063383,0.1080131230998204,0.1366269944734316,0.0085174657870863,0.5161041372344305,0.0301601848955997,0.0107220267948382,0.0,0.0868262786301122,0.5278750625402044,0.3754556500607533,-0.6621834002602629
81,[C][N][Branch1][C][C][N][=N][C][N][=C][N][Branch1][Branch2][C][C][C][C][O][Ring1][Branch1][C][=Ring1][#Branch2][C][Branch1][C][N][=O],CN(C)N=NC=1N=CN(C2CCCO2)C=1C(N)=O,0.1118033988749894,0.1220626774942213,0.1075505380058673,0.0045566011299454,0.6635286242820131,0.0001872096108693,0.0019549099084892,0.0,0.0683282536082582,0.5316595960235547,0.381174500657816,-1.9135416950162456
82,[C][O][C][=C][C][=C][Branch2][Ring1][=N][C][N][C][=Branch1][C][=O][C][N][C][=Branch1][C][=O][N][C][Branch1][=Branch2][C][C][C][C][C][C][Ring1][#Branch1][C][Ring1][N][=O][C][=C][Ring2][Ring1][Branch2],COC1=CC=C(CNC(=O)CN2C(=O)NC3(CCCCCC3)C2=O)C=C1,0.0621970413571122,0.1384968545724019,0.3907323325822817,0.0280732910065128,0.5244568411684448,0.0127384058153068,0.0035692355051496,0.0,0.1232613895984701,0.5188259983951609,0.3617815086860207,-3.026869703005043
83,[C][C][Branch1][C][C][Branch2][Ring1][S][O][C][C][O][C][Branch1][P][N][C][=N][C][=C][Branch1][C][N][N][=C][N][=C][Ring1][#Branch1][Ring1][#Branch2][C][Branch1][C][O][C][Ring1][S][O][C][=C][C][=C][C][=C][Ring1][=Branch1],CC(C)(OCC1OC(N2C=NC3=C(N)N=CN=C32)C(O)C1O)C4=CC=CC=C4,0.0516299446106875,0.0929431134310222,0.141075325747616,0.006087609367084,0.7502218700718107,3.395480473250088e-09,0.0134807936962509,0.0,0.1004902122194846,0.5365224650427834,0.3885228360646506,-1.6744847822269566
84,[O][=C][N][C][=C][Branch1][O][C][=C][C][Branch1][C][F][=C][Ring1][#Branch1][F][C][Ring1][O][Branch1][N][C][=C][C][=C][Branch1][C][O][C][=C][Ring1][#Branch1][C][=C][C][=C][N][=C][Ring1][=Branch1],O=C1NC2=C(C=CC(F)=C2F)C1(C3=CC=C(O)C=C3)C4=CC=CN=C4,0.0205152484965554,0.0439700032874056,0.1280791815868334,0.0711586302695013,0.0645443622389487,0.0003574428456485,0.092649756096841,0.0,0.1098964061160331,0.5398971247691902,0.3936223218734429,0.7616478271574945
85,[C][O][C][=C][C][=C][Branch1][#Branch1][C][=C][Ring1][=Branch1][O][C][C][=Branch1][Branch2][=N][N][=C][Branch1][C][N][N][C][Branch1][#C][S][C][=N][C][=C][C][=C][C][=C][Ring1][=Branch1][S][Ring1][=Branch2][C][Ring2][Ring1][Branch2],COC1=CC2=C(C=C1OC)C(=NN=C(N)N)C(SC3=NC4=CC=CC=C4S3)C2,0.0471077497150708,0.0748336868372322,0.1562734926141501,0.0781677052946063,0.4782673901162877,8.311137757982737e-05,0.1659744424053341,0.0,0.1244356630320835,0.5432037221668329,0.3986189579409918,0.2226965987278561
86,[C][O][C][=Branch1][C][=O][C][S][C][N][=C][Branch1][Ring1][S][C][S][C][=Ring1][#Branch1][C][=Ring1][#Branch2][C],COC(=O)C=1SC=2N=C(SC)SC=2C=1C,0.0586883027285054,0.2581988897471611,0.150927817480181,0.0285468598609534,0.0038405323054305,9.239145969267581e-08,2.064771875841712e-06,0.0,0.060496378247862,0.516758840288252,0.3586578031022475,0.959377736727952
87,[O][=C][NH1][C][=Branch1][C][=O][N][Branch1][N][C][C][O][C][Branch1][Ring1][C][O][O][Ring1][#Branch1][C][=C][Ring1][=C][C][=C][I],O=C1[NH1]C(=O)N(C2COC(CO)O2)C=C1C=CI,0.0600300225187664,0.0978839056750529,0.1015981427967147,0.000869949748024,0.5957649120407902,1.933965547130385e-09,7.350842451702981e-05,0.0,0.0910140229281942,0.5170871809786955,0.3591539623678066,-2.859807588095867
88,[C][=C][C][N][N][=N][N][=C][Ring1][Branch1][C][=C][C][=C][C][Branch1][C][Cl][=C][Ring1][#Branch1],C=CCN1N=NN=C1C2=CC=CC(Cl)=C2,0.0,0.1336306209562122,0.1282287195030148,0.0119781956880877,0.0106493490503407,4.6514632308430064e-05,6.674482023149994e-06,0.0,0.0813719373626608,0.5107656532598398,0.3496014315926468,0.8467354597518568
89,[C][C][Branch1][C][C][C][C][Branch2][Branch1][Branch2][N][C][=Branch1][C][=O][C][Branch1][#Branch1][C][C][=Branch1][C][=O][O][N][C][=Branch1][C][=O][C][Branch1][#Branch1][C][C][Branch1][C][N][=O][N][C][=Branch1][C][=O][C][Branch1][#C][N][C][=Branch1][C][=O][C][Branch1][C][N][C][Branch1][C][C][C][C][Branch1][C][C][C][C][=Branch1][C][=O][O],CC(C)CC(NC(=O)C(CC(=O)O)NC(=O)C(CC(N)=O)NC(=O)C(NC(=O)C(N)C(C)C)C(C)C)C(=O)O,0.0428493357447987,0.007037854411954,3.4745567946990416e-05,2.335008126725512e-05,0.5806030754582868,0.0,1.6922431530831513e-25,0.0,0.0247284477311293,0.5127974854063763,0.3526717557251908,-3.743408180271412
90,[C][C][Branch1][C][C][C][C][=Branch1][C][=O][C][=C][Branch1][Ring2][C][Ring1][Branch2][O][C][Branch1][C][N][=C][Branch1][Ring1][C][#N][C][Ring1][#Branch2][C][=C][C][=C][Branch1][=C][O][C][=Branch1][C][=O][N][C][C][O][C][C][Ring1][=Branch1][C][=C][Ring1][#C],CC1(C)CC(=O)C2=C(C1)OC(N)=C(C#N)C2C3=CC=C(OC(=O)N4CCOCC4)C=C3,0.0793328828021917,0.114706569041783,0.1448013751589601,0.0828204710289243,0.419385504480067,2.1340642875373202e-07,0.0002885200437916,0.0,0.1374643498070537,0.5173520735727919,0.3595542445099967,0.3548843390745263
91,[N][N][C][=Branch1][C][=O][C][=N][C][Branch1][C][Cl][=C][Branch1][C][Cl][C][Branch1][C][N][=C][Ring1][=Branch2][Cl],NNC(=O)C1=NC(Cl)=C(Cl)C(N)=C1Cl,0.0,0.0724964768441881,0.0060147603630386,0.0063988040585424,0.5683350254130424,1.068868638953012e-05,1.0656329374378628e-10,0.0,0.046813252601088,0.5328495034377387,0.3829725829725829,-0.2121916687637458
92,[C][N][C][=Branch1][C][=O][C][NH1][C][=N][C][=Ring1][Branch1][C][=Branch1][C][=O][N][C][=C][C][=C][C][Branch1][C][C][=C][Ring1][#Branch1],CNC(=O)C=1[NH1]C=NC=1C(=O)NC2=CC=CC(C)=C2,0.0358057437019716,0.2797514424720941,0.1614737445061951,0.0098419619051163,0.5614281585865902,0.0277017982718468,0.0209609463473232,0.0,0.1021325007365602,0.5283897342720872,0.3762333762333762,0.4692962292264014
93,[C][C][=C][C][=C][Branch2][Ring1][C][C][=N][N][=C][Branch1][=Branch2][C][S][N][=N][C][=Ring1][Branch1][C][O][Ring1][O][S][Ring1][S],CC1=CC=C(C2=NN=C(C=3SN=NC=3C)O2)S1,0.0324442842261525,0.0478938238183441,0.3391817326856071,0.0439189642211515,0.0893549080002483,0.0004269065885165,4.016556639647188e-06,0.0,0.0815203632244923,0.5421826625386996,0.3970760233918128,0.7816001784278861
94,[C][C][N][C][=Branch1][C][=O][C][=Branch1][O][=C][C][=C][C][C][C][N][Ring1][Branch1][C][O][C][Ring1][=C][=S],CCN1C(=O)C(=CC=C2CCCN2C)OC1=S,0.0910219981240912,0.0055732714302658,0.1029148043235388,0.0051252713320827,0.0021793888336439,4.984513996078852e-06,0.010985337387491,0.0,0.1050596382718833,0.5062935302509021,0.3428435568235853,-0.8476921405670483
95,[C][C][C][C][C][=N][C][=C][Branch1][C][N][N][=C][C][=C][Branch1][#Branch1][C][=Branch1][C][=O][O][C][C][=C][C][Ring1][#Branch2][=C][Ring1][#C][N][Ring2][Ring1][C][C][C][Branch1][C][C][O],CCCCC1=NC2=C(N)N=C3C=C(C(=O)OC)C=CC3=C2N1CC(C)O,0.0573539334676404,0.1305760867215366,0.4810456929208346,0.0627732249088469,0.5298505229100418,0.000317491432864,0.0120699802918934,0.0,0.1272700874408937,0.5506336118643129,0.409846346817184,0.4764853817754892
96,[C][N][C][=C][C][Branch2][Ring1][Branch1][C][S][=Branch1][C][=O][=Branch1][C][=O][C][C][=C][C][=C][C][Branch1][C][F][=C][Ring1][#Branch1][=C][C][Ring2][Ring1][C][=O],CN1C=CC(CS(=O)(=O)CC2=CC=CC(F)=C2)=CC1=O,0.0245440346836907,0.2425356250363329,0.1366269944734316,0.0106066683291588,0.0630015208222455,0.0139684192134423,0.0355150507980919,0.0,0.1392516629740041,0.270693906305037,0.364604125083167,0.4891157429097528
97,[C][O][C][=C][C][=C][N][=C][C][Branch2][Ring2][Branch1][C][=Branch1][C][=O][N][C][C][C][Branch1][Branch1][C][C][Ring1][=Branch1][C][C][C][=N][N][Branch1][=Branch1][C][Branch1][C][C][C][C][=Ring1][Branch2][C][=Branch1][C][=O][N][Ring1][#C][=C][C][Ring2][Ring1][#Branch2][=C][Ring2][Ring1][=C],COC1=CC=C2N=CC(C(=O)N3CCC4(CC3)CC=5C=NN(C(C)C)C=5C(=O)N4)=CC2=C1,0.0904571413489644,0.1217836767236936,0.0071097934645527,0.0931959159217711,0.4126495270199455,2.696258329425927e-05,1.1442675246114555e-05,0.0,0.1437480005724038,0.5461416520409896,0.4030584964174954,0.1352128770485726
98,[O][=C][Branch2][Branch1][C][N][C][Branch1][=N][C][C][=C][C][=C][Branch1][C][Cl][C][=C][Ring1][#Branch1][C][=Branch1][C][=O][N][C][C][C][Branch1][=Branch2][C][N][C][=N][C][=N][Ring1][Branch1][Branch1][=Branch2][C][C][C][C][C][C][Ring1][=Branch1][C][C][Ring2][Ring1][C][C][C][C][C][N][C][Ring1][=Branch1],O=C(NC(CC1=CC=C(Cl)C=C1)C(=O)N2CCC(CN3C=NC=N3)(C4CCCCC4)CC2)C5CCCNC5,0.0682788741998918,0.408248290463863,0.0063194957972334,0.1898340268617373,0.2297291641854714,8.82389666235093e-17,6.727064174020642e-24,0.0,0.0973489447431584,0.5244041582150101,0.3702107279693487,0.4802735288431785
99,[C][C][C][C][C][Branch2][=Branch1][O][N][C][=Branch1][C][=O][C][Branch1][#Branch2][C][C][C][N][C][=Branch1][C][=N][N][N][C][=Branch1][C][=O][C][Branch1][#Branch2][C][C][C][N][C][=Branch1][C][=N][N][N][C][=Branch1][C][=O][C][=C][C][=C][Branch2][Ring1][Branch2][C][=C][S][C][=Branch1][C][=O][N][Branch1][#Branch2][C][C][=C][C][=C][C][=C][Ring1][=Branch1][C][Ring1][=N][=O][C][=C][Ring2][Ring1][Branch1][C][Branch1][C][N][=O],CCCCC(NC(=O)C(CCCNC(=N)N)NC(=O)C(CCCNC(=N)N)NC(=O)C1=CC=C(C=C2SC(=O)N(CC3=CC=CC=C3)C2=O)C=C1)C(N)=O,0.0160708680738061,0.324037034920393,0.3827069981913663,0.0090511877118641,0.6762977408613176,0.0,0.0,0.0,0.0897807131479047,0.5274781192753919,0.3748558246828142,-1.859747235942083
